Date,Time,"Virtual Memory Committed [MB]","Virtual Memory Available [MB]","Virtual Memory Load [%]","Physical Memory Used [MB]","Physical Memory Available [MB]","Physical Memory Load [%]","Page File Usage [%]","Page File Total [MB]","Page File Used [MB]","Core VIDs (avg) [V]","Core 0 VID [V]","Core 1 VID [V]","Core 2 VID [V]","Core 3 VID [V]","Core 4 VID [V]","Core 5 VID [V]","Core 6 VID [V]","Core 7 VID [V]","Core Clocks (avg) [MHz]","Core 0 Clock (perf #1/4) [MHz]","Core 1 Clock (perf #1/3) [MHz]","Core 2 Clock (perf #2/6) [MHz]","Core 3 Clock (perf #3/5) [MHz]","Core 4 Clock (perf #6/8) [MHz]","Core 5 Clock (perf #4/2) [MHz]","Core 6 Clock (perf #5/1) [MHz]","Core 7 Clock (perf #7/7) [MHz]","Bus Clock [MHz]","Core Effective Clocks (avg) [MHz]","Core 0 T0 Effective Clock [MHz]","Core 0 T1 Effective Clock [MHz]","Core 1 T0 Effective Clock [MHz]","Core 1 T1 Effective Clock [MHz]","Core 2 T0 Effective Clock [MHz]","Core 2 T1 Effective Clock [MHz]","Core 3 T0 Effective Clock [MHz]","Core 3 T1 Effective Clock [MHz]","Core 4 T0 Effective Clock [MHz]","Core 4 T1 Effective Clock [MHz]","Core 5 T0 Effective Clock [MHz]","Core 5 T1 Effective Clock [MHz]","Core 6 T0 Effective Clock [MHz]","Core 6 T1 Effective Clock [MHz]","Core 7 T0 Effective Clock [MHz]","Core 7 T1 Effective Clock [MHz]","Average Effective Clock [MHz]","Core Usage (avg) [%]","Core 0 T0 Usage [%]","Core 0 T1 Usage [%]","Core 1 T0 Usage [%]","Core 1 T1 Usage [%]","Core 2 T0 Usage [%]","Core 2 T1 Usage [%]","Core 3 T0 Usage [%]","Core 3 T1 Usage [%]","Core 4 T0 Usage [%]","Core 4 T1 Usage [%]","Core 5 T0 Usage [%]","Core 5 T1 Usage [%]","Core 6 T0 Usage [%]","Core 6 T1 Usage [%]","Core 7 T0 Usage [%]","Core 7 T1 Usage [%]","Max CPU/Thread Usage [%]","Total CPU Usage [%]","Core Utility (avg) [%]","Core 0 T0 Utility [%]","Core 0 T1 Utility [%]","Core 1 T0 Utility [%]","Core 1 T1 Utility [%]","Core 2 T0 Utility [%]","Core 2 T1 Utility [%]","Core 3 T0 Utility [%]","Core 3 T1 Utility [%]","Core 4 T0 Utility [%]","Core 4 T1 Utility [%]","Core 5 T0 Utility [%]","Core 5 T1 Utility [%]","Core 6 T0 Utility [%]","Core 6 T1 Utility [%]","Core 7 T0 Utility [%]","Core 7 T1 Utility [%]","Total CPU Utility [%]","Core Ratios (avg) [x]","Core 0 Ratio [x]","Core 1 Ratio [x]","Core 2 Ratio [x]","Core 3 Ratio [x]","Core 4 Ratio [x]","Core 5 Ratio [x]","Core 6 Ratio [x]","Core 7 Ratio [x]","Package C6 Residency [%]","Core C0 Residency (avg) [%]","Core 0 C0 Residency [%]","Core 1 C0 Residency [%]","Core 2 C0 Residency [%]","Core 3 C0 Residency [%]","Core 4 C0 Residency [%]","Core 5 C0 Residency [%]","Core 6 C0 Residency [%]","Core 7 C0 Residency [%]","Core C1 Residency (avg) [%]","Core 0 C1 Residency [%]","Core 1 C1 Residency [%]","Core 2 C1 Residency [%]","Core 3 C1 Residency [%]","Core 4 C1 Residency [%]","Core 5 C1 Residency [%]","Core 6 C1 Residency [%]","Core 7 C1 Residency [%]","Core C6 Residency (avg) [%]","Core 0 C6 Residency [%]","Core 1 C6 Residency [%]","Core 2 C6 Residency [%]","Core 3 C6 Residency [%]","Core 4 C6 Residency [%]","Core 5 C6 Residency [%]","Core 6 C6 Residency [%]","Core 7 C6 Residency [%]","Memory Clock [MHz]","Memory Clock Ratio [x]","Tcas [T]","Trcd [T]","Trp [T]","Tras [T]","Trc [T]","Trfc [T]","Command Rate [T]","CPU (Tctl/Tdie) [°C]","CPU Die (average) [°C]","CPU CCD1 (Tdie) [°C]","Core Temperatures (avg) [°C]","Core0 (CCD1) [°C]","Core1 (CCD1) [°C]","Core2 (CCD1) [°C]","Core3 (CCD1) [°C]","Core4 (CCD1) [°C]","Core5 (CCD1) [°C]","Core6 (CCD1) [°C]","Core7 (CCD1) [°C]","L3 Temperatures (avg) [°C]","L3 Cache (CCD1:CCX1) [°C]","L3 Cache (CCD1:CCX2) [°C]","CPU IOD Hotspot [°C]","CPU IOD Average [°C]","CPU Core Voltage (SVI2 TFN) [V]","SoC Voltage (SVI2 TFN) [V]","CPU Core VID (Effective) [V]","CPU Core Current (SVI2 TFN) [A]","SoC Current (SVI2 TFN) [A]","CPU TDC [A]","CPU EDC [A]","CPU Package Power [W]","Core Powers (avg) [W]","Core 0 Power [W]","Core 1 Power [W]","Core 2 Power [W]","Core 3 Power [W]","Core 4 Power [W]","Core 5 Power [W]","Core 6 Power [W]","Core 7 Power [W]","CPU Core Power (SVI2 TFN) [W]","CPU SoC Power (SVI2 TFN) [W]","Core+SoC Power (SVI2 TFN) [W]","CPU PPT [W]","Infinity Fabric Clock (FCLK) [MHz]","Memory Controller Clock (UCLK) [MHz]","L3 Clocks (avg) [MHz]","L3 Cache (CCD1:CCX1) [MHz]","L3 Cache (CCD1:CCX2) [MHz]","Frequency Limit - Global [MHz]","CPU PPT Limit [%]","CPU TDC Limit [%]","CPU EDC Limit [%]","Thermal Limit [%]","Power Reporting Deviation (Accuracy) [%]","Thermal Throttling (HTC) [Yes/No]","Thermal Throttling (PROCHOT CPU) [Yes/No]","Thermal Throttling (PROCHOT EXT) [Yes/No]","DRAM Read Bandwidth [Gbps]","DRAM Write Bandwidth [Gbps]","Average Active Core Count []","Drive Temperature [°C]","Drive Remaining Life [%]","Drive Available Spare [%]","Drive Failure [Yes/No]","Drive Warning [Yes/No]","Total Host Writes [GB]","Total Host Reads [GB]","Drive Airflow Temperature [°C]","Drive Remaining Life [%]","Drive Failure [Yes/No]","Drive Warning [Yes/No]","Total Host Writes [GB]","Read Activity [%]","Write Activity [%]","Total Activity [%]","Read Rate [MB/s]","Write Rate [MB/s]","Read Total [MB]","Write Total [MB]","Read Activity [%]","Write Activity [%]","Total Activity [%]","Read Rate [MB/s]","Write Rate [MB/s]","Read Total [MB]","Write Total [MB]","GPU Temperature [°C]","GPU Hot Spot Temperature [°C]","GPU Thermal Limit [°C]","GPU Core Voltage [V]","GPU Rail Voltages (avg) [V]","GPU PCIe +12V Input Voltage [V]","GPU 8-pin #1 Input Voltage [V]","GPU Misc0 Input Voltage [V]","GPU Fan1 [RPM]","GPU Power [W]","GPU Rail Powers (avg) [W]","GPU Core (NVVDD) Input Power (sum) [W]","GPU PCIe +12V Input Power [W]","GPU 8-pin #1 Input Power [W]","GPU Misc0 Input Power [W]","GPU Core (NVVDD1) Input Power (sum) [W]","GPU PCIe +3.3V Input Power (est) [W]","GPU Core (NVVDD) Input Power (sum) [W]","GPU Input PP Source Power (sum) [W]","GPU Core (NVVDD) Output Power [W]","GPU Core (NVVDD) Output Power [W]","GPU Power Limit (rated) [W]","GPU Power Limit (max) [W]","GPU Clock [MHz]","GPU Memory Clock [MHz]","GPU Video Clock [MHz]","GPU Effective Clock [MHz]","GPU Crossbar Clock [MHz]","GPU Core Load [%]","GPU Memory Controller Load [%]","GPU Video Engine Load [%]","GPU Bus Load [%]","GPU Memory Usage [%]","GPU D3D Usages (avg) [%]","GPU D3D Usage [%]","GPU Video Decode 0 Usage [%]","GPU Video Encode 0 Usage [%]","GPU VR Usage [%]","GPU Fan1 [%]","GPU Performance Limiters (avg) [Yes/No]","Performance Limit - Power [Yes/No]","Performance Limit - Thermal [Yes/No]","Performance Limit - Reliability Voltage [Yes/No]","Performance Limit - Max Operating Voltage [Yes/No]","Performance Limit - Utilization [Yes/No]","Performance Limit - SLI GPUBoost Sync [Yes/No]","Total GPU Power [% of TDP] [%]","Total GPU Power (normalized) [% of TDP] [%]","PCI Express Error Counters (avg) []","Receiver Errors []","Replay Count []","Replay Rollover Count []","Bad DLLP Count []","Bad TLP Count []","LCRC Error Count []","NAKs Sent Count []","NAKs Received Count []","Recovery Count []","Correctable Error Count []","Non-Fatal Error Count []","Fatal Error Count []","Unsupported Request Count []","PCIe Lane 0 Errors []","PCIe Lane 1 Errors []","PCIe Lane 2 Errors []","PCIe Lane 3 Errors []","PCIe Lane 4 Errors []","PCIe Lane 5 Errors []","PCIe Lane 6 Errors []","PCIe Lane 7 Errors []","PCIe Lane 8 Errors []","PCIe Lane 9 Errors []","PCIe Lane 10 Errors []","PCIe Lane 11 Errors []","PCIe Lane 12 Errors []","PCIe Lane 13 Errors []","PCIe Lane 14 Errors []","PCIe Lane 15 Errors []","GPU Memory Available [MB]","GPU Memory Allocated [MB]","GPU D3D Memory Dedicated [MB]","GPU D3D Memory Dynamic [MB]","PCIe Link Speed [GT/s]","Framerate Presented (avg) [FPS]","Framerate Presented (99%) [FPS]","Framerate Presented (1%) [FPS]","Framerate Presented (0.1%) [FPS]","Framerate Presented (1% low) [FPS]","Framerate Presented (0.1% low) [FPS]","Framerate Displayed (avg) [FPS]","Framerate Displayed (99%) [FPS]","Framerate Displayed (1%) [FPS]","Framerate Displayed (0.1%) [FPS]","Framerate Displayed (1% low) [FPS]","Framerate Displayed (0.1% low) [FPS]","Frame Time Presented (avg) [ms]","Frame Time Presented (99%) [ms]","Frame Time Presented (1%) [ms]","Frame Time Presented (0.1%) [ms]","Frame Time Displayed (1% high) [ms]","Frame Time Displayed (0.1% high) [ms]","GPU Busy (avg) [ms]","GPU Wait (avg) [ms]","CPU Busy (avg) [ms]","CPU Wait (avg) [ms]","Animation Error (avg) [ms]","Total DL [MB]","Total UP [MB]","Current DL rate [KB/s]","Current UP rate [KB/s]","Total DL [MB]","Total UP [MB]","Current DL rate [KB/s]","Current UP rate [KB/s]","Total Errors []",
10.7.2026,1:1:52.346,23851,22142,51.8,18293,14389,55.9,0.7,13312,93,1.337,1.331,1.337,1.337,1.337,1.337,1.337,1.337,1.337,4095.7,4117.6,4092.6,4092.6,4092.6,4092.6,4092.6,4092.6,4092.6,99.8,747.4,2525.5,1422.6,1288.0,1303.0,797.8,1069.7,604.6,759.2,156.2,241.8,395.5,489.9,273.7,323.1,131.5,175.8,747.4,15.6,26.9,34.1,30.7,30.9,18.9,25.4,14.2,17.8,3.5,5.6,9.2,11.4,6.0,7.4,2.9,4.0,34.1,15.6,17.8,30.8,38.7,34.9,35.2,21.4,28.9,16.1,20.3,4.1,6.5,10.5,13.1,7.0,8.6,3.4,4.7,17.8,41.0,41.2,41.0,41.0,41.0,41.0,41.0,41.0,41.0,0.0,47.1,61.0,60.5,55.5,52.5,34.1,43.2,38.0,31.7,52.9,39.0,39.5,44.5,47.5,65.9,56.8,62.0,68.3,0.0,0.0,0.0,0.0,0.0,0.0,0.0,0.0,0.0,1197.8,12.00,16,16,16,39,55,661,1,71.0,61.8,72.2,58.5,60.6,60.6,60.1,58.8,56.9,57.5,56.9,56.6,55.7,55.9,55.4,50.8,46.8,1.369,1.031,1.369,7.566,9.064,7.553,41.157,28.515,2.785,3.965,4.111,3.415,2.847,1.836,2.348,2.034,1.722,10.394,9.331,19.725,28.627,1197.8,1197.8,4125.1,4143.2,4106.9,4227.5,32.5,12.6,45.7,65.0,46.5,No,No,No,0.546,0.020,3.8,46,95.0,100.0,No,No,91373,99121,31,99.0,No,No,3320,0.0,0.1,0.1,0.024,0.353,104914,127355,0.0,0.0,0.0,0.000,0.000,52,0,35.5,47.5,83.0,0.669,12.165,12.205,12.181,12.109,1132,19.098,7.259,9.637,1.391,17.370,12.000,5.354,0.336,9.637,9.469,1.417,5.981,220.000,240.000,210.0,101.2,555.0,217.6,600.0,26.0,26.0,0.0,0.0,28.6,1.5,6.1,0.0,0.0,0.0,33,Yes,No,No,No,No,Yes,No,8.7,11.2,0,0,0,0,0,0,0,0,0,0,0,0,0,0,0,0,0,0,0,0,0,0,0,0,0,0,0,0,0,0,5849,2343,2179,107,2.5,239.8,251.8,225.4,221.3,222.2,221.3,9.8,60.1,2.1,2.0,1.9,1.9,4.17,4.50,3.94,3.57,4.70,5.05,0.94,0.03,4.07,0.10,7.87,0,0,0.0,0.0,20327,1819,3.2,2.3,0,
10.7.2026,1:1:54.346,23881,22113,51.9,18288,14393,55.9,0.7,13312,93,1.369,1.375,1.363,1.369,1.369,1.369,1.369,1.369,1.369,3937.9,4192.4,4192.4,4192.4,3354.0,3593.5,3593.5,4192.4,4192.4,99.8,772.2,2740.9,1476.9,1555.3,1701.4,671.6,991.0,509.7,848.7,140.3,161.2,378.8,396.9,249.5,232.7,123.1,177.1,772.2,16.5,33.9,35.4,37.3,40.6,16.0,23.8,12.2,20.4,3.5,4.0,9.1,9.6,5.8,5.6,3.0,4.4,40.6,16.5,18.6,38.6,40.3,42.5,46.3,18.0,26.8,13.6,22.9,3.7,4.3,10.0,10.5,6.3,6.1,3.2,4.8,18.6,39.5,42.0,42.0,42.0,33.6,36.0,36.0,42.0,42.0,0.0,49.6,66.1,69.7,55.9,54.0,35.3,43.9,39.3,32.9,50.4,33.9,30.3,44.1,46.0,64.7,56.1,60.7,67.1,0.0,0.0,0.0,0.0,0.0,0.0,0.0,0.0,0.0,1197.8,12.00,16,16,16,39,55,661,1,69.0,65.0,64.0,59.7,62.5,63.7,60.8,60.1,57.6,58.2,57.3,57.1,56.4,56.7,56.1,50.2,46.7,1.400,1.025,1.387,8.040,9.043,8.051,44.089,29.277,2.988,4.533,5.379,3.195,2.938,1.824,2.318,1.981,1.738,11.057,9.312,20.370,29.312,1197.8,1197.8,4136.9,4157.6,4116.1,4195.4,33.3,13.4,49.0,68.5,46.1,No,No,No,0.568,0.027,4.0,46,95.0,100.0,No,No,91373,99121,31,99.0,No,No,3320,0.0,0.1,0.2,0.008,0.965,104914,127357,0.0,0.0,0.0,0.000,0.000,52,0,35.5,47.6,83.0,0.669,12.162,12.202,12.178,12.107,1130,19.194,7.251,9.828,1.318,17.341,11.877,5.460,0.336,9.828,9.176,1.305,6.043,220.000,240.000,255.0,101.2,555.0,210.0,600.0,27.0,27.0,0.0,0.0,28.8,2.0,8.2,0.0,0.0,0.0,33,Yes,No,No,No,No,Yes,No,8.6,11.1,0,0,0,0,0,0,0,0,0,0,0,0,0,0,0,0,0,0,0,0,0,0,0,0,0,0,0,0,0,0,5830,2362,2198,108,2.5,239.8,255.0,227.3,211.3,217.8,209.2,13.9,222.5,3.9,3.8,3.7,3.7,4.17,4.74,3.74,1.64,5.86,6.88,1.01,0.05,4.06,0.11,2.42,0,0,0.0,0.0,20327,1819,1.5,0.9,0,
10.7.2026,1:1:56.351,23870,22123,51.8,18290,14391,55.9,0.7,13312,93,1.380,1.381,1.394,1.394,1.375,1.375,1.375,1.375,1.375,4217.4,4267.3,4192.4,4192.4,4217.4,4217.4,4217.4,4217.4,4217.4,99.8,565.6,2377.4,1187.3,934.4,991.7,541.7,782.9,430.8,566.2,101.7,107.9,251.8,277.3,186.0,166.5,75.8,70.0,565.6,11.6,25.0,28.8,22.5,23.9,12.5,19.1,10.6,13.8,2.1,2.2,6.4,7.1,4.5,4.3,1.5,1.3,28.8,11.6,12.9,28.3,32.4,25.1,26.7,14.4,21.1,11.4,15.1,2.7,2.8,6.6,7.4,4.6,4.4,2.0,1.8,12.9,42.2,42.8,42.0,42.0,42.2,42.2,42.2,42.2,42.2,0.0,41.7,57.3,52.8,49.2,46.9,30.1,36.6,33.6,27.3,58.3,42.7,47.2,50.8,53.1,69.9,63.4,66.4,72.7,0.0,0.0,0.0,0.0,0.0,0.0,0.0,0.0,0.0,1197.8,12.00,16,16,16,39,55,661,1,66.0,60.6,59.2,57.8,59.8,59.3,59.0,58.0,56.5,56.9,56.5,56.2,55.6,55.9,55.4,48.2,45.9,1.394,1.031,1.394,6.081,8.955,6.079,36.379,26.443,2.393,3.513,3.485,2.757,2.450,1.631,1.975,1.784,1.545,8.369,9.212,17.581,26.479,1197.8,1197.8,4120.5,4141.5,4099.5,4233.8,30.1,10.1,40.4,63.8,43.5,No,No,No,0.420,0.012,3.3,45,95.0,100.0,No,No,91373,99121,31,99.0,No,No,3320,0.0,0.1,0.2,0.040,0.421,104914,127358,0.0,0.0,0.0,0.000,0.000,52,0,35.5,47.6,83.0,0.669,12.168,12.209,12.183,12.112,1131,19.308,7.255,9.700,1.392,17.385,11.991,5.389,0.336,9.700,9.433,1.301,5.918,220.000,240.000,255.0,101.2,555.0,255.0,600.0,22.0,25.0,0.0,0.0,28.8,1.8,7.2,0.0,0.0,0.0,33,Yes,No,No,No,No,Yes,No,8.7,11.3,0,0,0,0,0,0,0,0,0,0,0,0,0,0,0,0,0,0,0,0,0,0,0,0,0,0,0,0,0,0,5832,2360,2195,108,2.5,239.8,255.0,227.3,211.3,217.8,209.2,13.9,222.5,3.9,3.8,3.7,3.7,4.17,4.74,3.74,1.64,5.86,6.88,1.01,0.05,4.06,0.11,2.42,0,0,0.0,0.0,20327,1819,0.3,0.1,0,
10.7.2026,1:1:58.354,23868,22125,51.8,18290,14392,55.9,0.7,13312,93,1.396,1.413,1.394,1.394,1.394,1.394,1.394,1.394,1.394,4220.5,4242.3,4217.4,4217.4,4217.4,4217.4,4217.4,4217.4,4217.4,99.8,711.7,2614.9,1322.3,1070.8,1276.9,693.8,865.0,644.3,813.0,152.1,141.1,355.9,358.4,270.8,336.9,252.0,219.8,711.7,14.8,28.6,31.3,25.2,30.1,16.8,20.5,15.1,19.2,4.2,3.9,8.3,8.3,5.9,7.8,6.5,5.8,31.3,14.8,16.8,32.9,36.0,28.9,34.5,18.6,23.4,17.4,22.0,4.0,3.7,9.4,9.5,6.9,9.1,6.8,5.9,16.8,42.3,42.5,42.2,42.2,42.2,42.2,42.2,42.2,42.2,0.0,47.9,62.9,60.9,54.4,53.8,34.5,42.0,39.6,35.2,52.1,37.1,39.1,45.6,46.2,65.5,58.0,60.4,64.8,0.0,0.0,0.0,0.0,0.0,0.0,0.0,0.0,0.0,1197.8,12.00,16,16,16,39,55,661,1,73.2,62.7,61.8,58.7,60.8,60.5,59.8,59.2,57.2,57.8,57.5,57.3,55.9,56.1,55.6,48.8,46.2,1.394,1.025,1.387,7.409,9.066,7.405,42.514,28.387,2.764,4.011,3.921,3.050,2.863,1.833,2.279,2.175,1.978,10.209,9.334,19.543,28.452,1197.8,1197.8,4143.9,4162.9,4124.9,4206.5,32.3,12.3,47.2,66.0,46.0,No,No,No,0.507,0.026,3.8,46,95.0,100.0,No,No,91373,99121,31,99.0,No,No,3320,0.1,0.1,0.1,0.081,0.294,104914,127358,0.0,0.0,0.0,0.000,0.000,52,0,35.4,47.5,83.0,0.669,12.168,12.211,12.182,12.111,1128,19.247,7.157,9.439,1.307,17.249,11.990,5.244,0.336,9.439,9.461,1.310,5.800,220.000,240.000,210.0,101.2,555.0,255.0,600.0,24.0,26.0,0.0,0.0,28.8,1.7,6.7,0.0,0.0,0.0,33,Yes,No,No,No,No,Yes,No,8.6,11.2,0,0,0,0,0,0,0,0,0,0,0,0,0,0,0,0,0,0,0,0,0,0,0,0,0,0,0,0,0,0,5832,2360,2195,108,2.5,239.7,254.1,223.8,220.6,221.9,220.4,10.1,109.2,3.2,3.0,3.0,3.0,4.17,4.51,3.93,3.71,4.54,4.57,0.99,0.01,4.08,0.09,0.84,0,0,0.0,0.0,20327,1819,1.4,0.4,0,
10.7.2026,1:2:0.358,23871,22123,51.9,18292,14390,55.9,0.7,13312,93,1.062,1.056,1.062,1.062,1.062,1.062,1.062,1.062,1.062,4239.2,4217.4,4242.3,4242.3,4242.3,4242.3,4242.3,4242.3,4242.3,99.8,578.5,2364.3,1144.9,957.9,1069.2,485.0,809.7,442.0,582.5,112.2,139.3,278.5,279.4,172.9,177.6,131.5,109.7,578.5,11.5,23.1,27.1,22.5,25.0,11.1,19.1,10.2,13.6,2.4,3.2,6.4,6.5,3.6,4.0,2.9,2.4,27.1,11.5,13.2,26.7,31.2,25.8,28.7,12.9,21.9,11.7,15.6,2.9,3.7,7.4,7.4,4.3,4.7,3.5,2.9,13.2,42.5,42.2,42.5,42.5,42.5,42.5,42.5,42.5,42.5,0.0,41.9,56.8,54.6,48.9,46.7,30.0,36.3,33.3,28.5,58.1,43.2,45.4,51.1,53.3,70.0,63.7,66.7,71.5,0.0,0.0,0.0,0.0,0.0,0.0,0.0,0.0,0.0,1197.8,12.00,16,16,16,39,55,661,1,70.2,60.7,61.8,57.8,59.8,59.2,59.0,58.1,56.6,56.9,56.5,56.4,55.6,55.8,55.3,49.8,46.1,1.400,1.025,1.400,6.216,8.996,6.225,36.741,26.730,2.426,3.529,3.441,2.763,2.511,1.681,2.014,1.815,1.656,8.595,9.257,17.851,26.764,1197.8,1197.8,4128.9,4153.1,4104.7,4230.5,30.4,10.4,40.8,63.9,44.1,No,No,No,0.416,0.019,3.4,46,95.0,100.0,No,No,91373,99121,31,99.0,No,No,3320,0.0,0.0,0.0,0.000,0.049,104914,127359,0.0,0.0,0.0,0.000,0.000,52,0,35.4,47.6,83.0,0.669,12.164,12.204,12.179,12.108,1131,18.978,7.131,9.520,1.233,17.160,11.866,5.289,0.336,9.520,9.215,1.411,5.759,220.000,240.000,210.0,101.2,555.0,210.0,600.0,24.0,26.0,0.0,0.0,28.8,1.7,6.9,0.0,0.0,0.0,33,Yes,No,No,No,No,Yes,No,8.5,11.1,0,0,0,0,0,0,0,0,0,0,0,0,0,0,0,0,0,0,0,0,0,0,0,0,0,0,0,0,0,0,5832,2360,2195,108,2.5,239.7,254.7,226.7,220.2,223.9,219.6,2.5,71.0,0.9,0.9,0.9,0.9,4.17,4.43,3.90,3.62,4.51,4.54,0.89,0.01,4.09,0.09,1.17,0,0,0.0,0.0,20327,1819,6.2,3.7,0,
10.7.2026,1:2:2.359,23875,22119,51.9,18289,14393,55.9,0.7,13312,93,1.387,1.387,1.387,1.387,1.387,1.387,1.387,1.387,1.387,3671.5,4217.4,3593.5,3593.5,3593.5,3593.5,3593.5,3593.5,3593.5,99.8,616.2,2553.2,1023.6,1065.0,1237.8,756.4,663.9,493.8,575.4,97.6,108.1,289.5,268.4,183.5,158.5,256.1,128.8,616.2,12.8,31.4,24.1,25.2,29.2,17.8,15.7,11.6,13.6,2.4,2.7,6.9,6.4,4.2,3.9,6.2,3.1,31.4,12.8,14.5,36.1,27.7,28.8,33.5,20.3,17.8,13.1,15.4,2.5,2.8,7.6,7.1,4.5,4.2,7.0,3.4,14.5,36.8,42.2,36.0,36.0,36.0,36.0,36.0,36.0,36.0,0.0,45.2,61.1,60.2,53.2,50.6,31.2,38.8,35.2,31.7,54.8,38.9,39.8,46.8,49.4,68.8,61.2,64.8,68.3,0.0,0.0,0.0,0.0,0.0,0.0,0.0,0.0,0.0,1197.8,12.00,16,16,16,39,55,661,1,67.5,61.4,60.5,58.2,60.5,59.9,59.5,58.4,56.7,57.2,56.6,56.6,55.7,56.0,55.5,47.8,45.9,1.400,1.019,1.400,6.928,9.054,6.923,40.216,27.749,2.602,3.969,3.792,2.979,2.617,1.703,2.100,1.862,1.792,9.604,9.318,18.922,27.827,1197.8,1197.8,4160.2,4180.1,4140.2,4218.2,31.6,11.5,44.7,64.7,46.0,No,No,No,0.507,0.027,3.6,46,95.0,100.0,No,No,91373,99121,31,99.0,No,No,3320,0.0,0.0,0.1,0.016,0.077,104915,127359,0.0,0.0,0.0,0.000,0.000,52,0,35.5,47.5,83.0,0.669,12.164,12.205,12.179,12.108,1128,19.248,7.322,9.920,1.306,17.525,11.999,5.511,0.336,9.920,9.255,1.492,5.951,220.000,240.000,210.0,101.2,555.0,210.0,600.0,28.0,27.0,0.0,1.0,28.9,1.9,7.6,0.0,0.0,0.0,33,Yes,No,No,No,No,Yes,No,8.7,11.0,0,0,0,0,0,0,0,0,0,0,0,0,0,0,0,0,0,0,0,0,0,0,0,0,0,0,0,0,0,0,5828,2364,2199,108,2.5,239.8,257.0,222.6,193.0,201.8,188.8,15.0,119.9,7.8,7.7,7.7,7.7,4.17,4.56,3.83,3.16,5.00,5.33,0.95,0.01,4.08,0.09,0.86,0,0,0.0,0.0,20327,1819,0.3,0.2,0,
10.7.2026,1:2:4.352,23873,22121,51.9,18290,14392,55.9,0.7,13312,93,1.345,1.344,1.356,1.350,1.350,1.350,1.337,1.337,1.337,4130.1,4117.6,4142.5,4142.5,4142.5,4142.5,4117.6,4117.6,4117.6,99.8,877.0,2956.0,1479.7,1484.5,1760.5,1242.7,860.4,855.1,733.5,235.6,218.9,634.2,445.2,408.0,321.4,214.5,182.1,877.0,19.3,46.6,34.8,35.3,41.9,29.4,20.2,20.1,17.3,5.6,5.1,15.0,10.5,9.4,7.6,5.1,4.3,46.6,19.3,22.1,53.7,40.0,40.6,48.2,33.8,23.2,23.0,19.8,6.3,5.7,17.1,11.9,10.7,8.6,5.7,4.9,22.1,41.4,41.2,41.5,41.5,41.5,41.5,41.2,41.2,41.2,0.0,53.8,71.0,71.8,62.5,58.6,38.2,48.5,43.7,36.1,46.2,29.0,28.2,37.5,41.4,61.8,51.5,56.3,63.9,0.0,0.0,0.0,0.0,0.0,0.0,0.0,0.0,0.0,1197.8,12.00,16,16,16,39,55,661,1,74.9,64.6,75.5,59.8,63.1,62.8,61.5,60.1,57.5,58.4,57.5,57.1,56.2,56.5,55.9,50.2,47.8,1.331,1.038,1.344,9.287,9.187,9.274,48.067,31.026,3.250,5.188,5.161,3.717,3.215,1.957,2.633,2.245,1.886,12.761,9.465,22.226,31.162,1197.8,1197.8,4155.3,4169.7,4140.8,4191.6,35.4,15.5,53.4,68.0,48.9,No,No,No,0.751,0.036,4.3,46,95.0,100.0,No,No,91373,99121,31,99.0,No,No,3320,0.0,0.1,0.1,0.000,0.135,104915,127359,0.0,0.0,0.0,0.000,0.000,52,0,35.4,47.5,83.0,0.669,12.168,12.208,12.184,12.113,1130,19.083,7.240,9.706,1.319,17.422,12.028,5.392,0.336,9.706,9.389,1.352,5.754,220.000,240.000,210.0,101.2,555.0,210.0,600.0,28.0,27.0,0.0,2.0,28.8,1.7,7.0,0.0,0.0,0.0,33,Yes,No,No,No,No,Yes,No,8.5,11.1,0,0,0,0,0,0,0,0,0,0,0,0,0,0,0,0,0,0,0,0,0,0,0,0,0,0,0,0,0,0,5832,2360,2195,107,2.5,239.7,255.4,226.0,214.5,220.5,211.6,24.6,241.0,4.6,4.1,4.1,4.1,4.17,4.47,3.88,3.73,4.56,4.74,1.04,0.01,4.07,0.11,2.70,0,0,0.0,0.0,20327,1819,0.3,0.3,0,
10.7.2026,1:2:6.349,23862,22132,51.8,18289,14392,55.9,0.7,13312,93,1.372,1.394,1.369,1.369,1.369,1.369,1.369,1.369,1.369,4214.3,4217.4,4217.4,4217.4,4217.4,4217.4,4217.4,4217.4,4192.4,99.8,646.1,2623.7,1091.0,935.6,1495.7,893.4,606.2,632.3,490.9,132.1,117.6,302.1,268.6,198.1,158.4,266.9,125.0,646.1,13.6,36.3,26.3,22.2,35.6,21.3,14.4,14.4,11.6,2.7,2.4,7.4,5.8,4.7,3.2,6.0,2.5,36.3,13.6,15.6,41.7,30.0,25.3,40.7,24.2,16.2,17.1,13.0,3.6,3.3,8.1,7.1,5.0,4.2,7.3,3.3,15.6,42.2,42.2,42.2,42.2,42.2,42.2,42.2,42.2,42.0,0.0,45.4,63.0,62.4,53.3,50.9,30.0,38.7,34.4,30.6,54.6,37.0,37.6,46.7,49.1,70.0,61.3,65.6,69.4,0.0,0.0,0.0,0.0,0.0,0.0,0.0,0.0,0.0,1197.8,12.00,16,16,16,39,55,661,1,71.9,62.6,63.0,59.0,61.7,61.0,60.5,59.3,57.5,57.7,57.2,57.1,56.4,56.7,56.1,49.2,46.2,1.394,1.025,1.387,7.190,9.024,7.202,40.483,28.163,2.674,4.247,3.944,3.027,2.712,1.738,2.089,1.857,1.777,9.911,9.289,19.200,28.141,1197.8,1197.8,4152.3,4170.1,4134.5,4198.9,32.0,12.0,45.0,65.9,46.1,No,No,No,0.558,0.028,3.6,45,95.0,100.0,No,No,91373,99121,31,99.0,No,No,3320,0.0,0.4,0.4,0.041,5.341,104915,127369,0.0,0.0,0.0,0.000,0.000,52,0,35.4,47.5,83.0,0.669,12.166,12.206,12.182,12.111,1129,19.105,7.214,9.726,1.282,17.335,11.917,5.403,0.336,9.726,9.226,1.310,5.883,220.000,240.000,225.0,101.2,555.0,221.2,600.0,28.0,27.0,0.0,0.0,28.8,2.0,8.2,0.0,0.0,0.0,33,Yes,No,No,No,No,Yes,No,8.6,11.1,0,0,0,0,0,0,0,0,0,0,0,0,0,0,0,0,0,0,0,0,0,0,0,0,0,0,0,0,0,0,5832,2360,2195,107,2.5,239.8,256.3,227.0,214.5,219.0,212.2,8.1,117.1,2.7,2.6,2.6,2.6,4.17,4.43,3.89,3.58,4.60,4.74,0.98,0.01,4.08,0.09,0.08,0,0,0.0,0.0,20327,1819,0.0,0.0,0,
10.7.2026,1:2:8.365,23869,22124,51.8,18288,14393,55.9,0.7,13312,93,1.366,1.350,1.369,1.369,1.369,1.369,1.369,1.369,1.369,4186.2,4142.5,4192.4,4192.4,4192.4,4192.4,4192.4,4192.4,4192.4,99.8,745.6,2817.2,1243.3,1266.6,1501.3,1028.7,704.2,727.0,616.4,163.8,125.4,437.3,345.8,235.8,199.0,268.7,248.6,745.6,15.7,35.8,28.9,29.5,35.2,24.0,16.2,17.5,13.5,4.5,3.5,10.0,8.6,5.0,5.2,7.0,6.5,35.8,15.7,17.9,41.4,33.5,34.2,40.6,27.7,18.8,19.5,16.4,4.4,3.3,11.6,9.2,5.9,5.2,7.3,6.8,17.9,41.9,41.5,42.0,42.0,42.0,42.0,42.0,42.0,42.0,0.0,50.9,67.5,67.5,60.0,57.2,35.1,45.1,40.5,34.6,49.1,32.5,32.5,40.0,42.8,64.9,54.9,59.5,65.4,0.0,0.0,0.0,0.0,0.0,0.0,0.0,0.0,0.0,1197.8,12.00,16,16,16,39,55,661,1,69.2,62.5,64.0,58.9,61.2,61.3,60.3,59.3,57.1,57.8,57.0,57.1,56.0,56.3,55.7,49.8,46.6,1.375,1.031,1.375,7.767,9.113,7.761,45.605,28.883,2.838,4.217,4.389,3.251,2.879,1.791,2.332,1.974,1.872,10.711,9.382,20.093,29.011,1197.8,1197.8,4166.0,4179.9,4152.2,4196.0,33.0,12.9,50.7,65.8,47.0,No,No,No,0.545,0.024,4.1,46,95.0,100.0,No,No,91373,99121,31,99.0,No,No,3320,0.0,0.0,0.1,0.049,0.151,104915,127369,0.0,0.0,0.0,0.000,0.000,52,0,35.4,47.5,83.0,0.669,12.166,12.206,12.182,12.111,1129,18.967,7.160,9.547,1.233,17.213,11.893,5.304,0.336,9.547,9.237,1.397,5.891,220.000,240.000,210.0,101.2,555.0,210.8,600.0,26.0,26.0,0.0,0.0,28.8,1.7,6.9,0.0,0.0,0.0,33,Yes,No,No,No,No,Yes,No,8.5,10.9,0,0,0,0,0,0,0,0,0,0,0,0,0,0,0,0,0,0,0,0,0,0,0,0,0,0,0,0,0,0,5832,2360,2195,107,2.5,239.7,264.5,218.9,211.1,212.3,210.5,12.2,120.1,2.8,2.7,2.7,2.7,4.17,4.57,3.78,3.69,4.77,4.86,1.01,0.01,4.08,0.09,4.48,0,0,0.0,0.0,20327,1819,0.3,0.3,0,
Date,Time,"Virtual Memory Committed [MB]","Virtual Memory Available [MB]","Virtual Memory Load [%]","Physical Memory Used [MB]","Physical Memory Available [MB]","Physical Memory Load [%]","Page File Usage [%]","Page File Total [MB]","Page File Used [MB]","Core VIDs (avg) [V]","Core 0 VID [V]","Core 1 VID [V]","Core 2 VID [V]","Core 3 VID [V]","Core 4 VID [V]","Core 5 VID [V]","Core 6 VID [V]","Core 7 VID [V]","Core Clocks (avg) [MHz]","Core 0 Clock (perf #1/4) [MHz]","Core 1 Clock (perf #1/3) [MHz]","Core 2 Clock (perf #2/6) [MHz]","Core 3 Clock (perf #3/5) [MHz]","Core 4 Clock (perf #6/8) [MHz]","Core 5 Clock (perf #4/2) [MHz]","Core 6 Clock (perf #5/1) [MHz]","Core 7 Clock (perf #7/7) [MHz]","Bus Clock [MHz]","Core Effective Clocks (avg) [MHz]","Core 0 T0 Effective Clock [MHz]","Core 0 T1 Effective Clock [MHz]","Core 1 T0 Effective Clock [MHz]","Core 1 T1 Effective Clock [MHz]","Core 2 T0 Effective Clock [MHz]","Core 2 T1 Effective Clock [MHz]","Core 3 T0 Effective Clock [MHz]","Core 3 T1 Effective Clock [MHz]","Core 4 T0 Effective Clock [MHz]","Core 4 T1 Effective Clock [MHz]","Core 5 T0 Effective Clock [MHz]","Core 5 T1 Effective Clock [MHz]","Core 6 T0 Effective Clock [MHz]","Core 6 T1 Effective Clock [MHz]","Core 7 T0 Effective Clock [MHz]","Core 7 T1 Effective Clock [MHz]","Average Effective Clock [MHz]","Core Usage (avg) [%]","Core 0 T0 Usage [%]","Core 0 T1 Usage [%]","Core 1 T0 Usage [%]","Core 1 T1 Usage [%]","Core 2 T0 Usage [%]","Core 2 T1 Usage [%]","Core 3 T0 Usage [%]","Core 3 T1 Usage [%]","Core 4 T0 Usage [%]","Core 4 T1 Usage [%]","Core 5 T0 Usage [%]","Core 5 T1 Usage [%]","Core 6 T0 Usage [%]","Core 6 T1 Usage [%]","Core 7 T0 Usage [%]","Core 7 T1 Usage [%]","Max CPU/Thread Usage [%]","Total CPU Usage [%]","Core Utility (avg) [%]","Core 0 T0 Utility [%]","Core 0 T1 Utility [%]","Core 1 T0 Utility [%]","Core 1 T1 Utility [%]","Core 2 T0 Utility [%]","Core 2 T1 Utility [%]","Core 3 T0 Utility [%]","Core 3 T1 Utility [%]","Core 4 T0 Utility [%]","Core 4 T1 Utility [%]","Core 5 T0 Utility [%]","Core 5 T1 Utility [%]","Core 6 T0 Utility [%]","Core 6 T1 Utility [%]","Core 7 T0 Utility [%]","Core 7 T1 Utility [%]","Total CPU Utility [%]","Core Ratios (avg) [x]","Core 0 Ratio [x]","Core 1 Ratio [x]","Core 2 Ratio [x]","Core 3 Ratio [x]","Core 4 Ratio [x]","Core 5 Ratio [x]","Core 6 Ratio [x]","Core 7 Ratio [x]","Package C6 Residency [%]","Core C0 Residency (avg) [%]","Core 0 C0 Residency [%]","Core 1 C0 Residency [%]","Core 2 C0 Residency [%]","Core 3 C0 Residency [%]","Core 4 C0 Residency [%]","Core 5 C0 Residency [%]","Core 6 C0 Residency [%]","Core 7 C0 Residency [%]","Core C1 Residency (avg) [%]","Core 0 C1 Residency [%]","Core 1 C1 Residency [%]","Core 2 C1 Residency [%]","Core 3 C1 Residency [%]","Core 4 C1 Residency [%]","Core 5 C1 Residency [%]","Core 6 C1 Residency [%]","Core 7 C1 Residency [%]","Core C6 Residency (avg) [%]","Core 0 C6 Residency [%]","Core 1 C6 Residency [%]","Core 2 C6 Residency [%]","Core 3 C6 Residency [%]","Core 4 C6 Residency [%]","Core 5 C6 Residency [%]","Core 6 C6 Residency [%]","Core 7 C6 Residency [%]","Memory Clock [MHz]","Memory Clock Ratio [x]","Tcas [T]","Trcd [T]","Trp [T]","Tras [T]","Trc [T]","Trfc [T]","Command Rate [T]","CPU (Tctl/Tdie) [°C]","CPU Die (average) [°C]","CPU CCD1 (Tdie) [°C]","Core Temperatures (avg) [°C]","Core0 (CCD1) [°C]","Core1 (CCD1) [°C]","Core2 (CCD1) [°C]","Core3 (CCD1) [°C]","Core4 (CCD1) [°C]","Core5 (CCD1) [°C]","Core6 (CCD1) [°C]","Core7 (CCD1) [°C]","L3 Temperatures (avg) [°C]","L3 Cache (CCD1:CCX1) [°C]","L3 Cache (CCD1:CCX2) [°C]","CPU IOD Hotspot [°C]","CPU IOD Average [°C]","CPU Core Voltage (SVI2 TFN) [V]","SoC Voltage (SVI2 TFN) [V]","CPU Core VID (Effective) [V]","CPU Core Current (SVI2 TFN) [A]","SoC Current (SVI2 TFN) [A]","CPU TDC [A]","CPU EDC [A]","CPU Package Power [W]","Core Powers (avg) [W]","Core 0 Power [W]","Core 1 Power [W]","Core 2 Power [W]","Core 3 Power [W]","Core 4 Power [W]","Core 5 Power [W]","Core 6 Power [W]","Core 7 Power [W]","CPU Core Power (SVI2 TFN) [W]","CPU SoC Power (SVI2 TFN) [W]","Core+SoC Power (SVI2 TFN) [W]","CPU PPT [W]","Infinity Fabric Clock (FCLK) [MHz]","Memory Controller Clock (UCLK) [MHz]","L3 Clocks (avg) [MHz]","L3 Cache (CCD1:CCX1) [MHz]","L3 Cache (CCD1:CCX2) [MHz]","Frequency Limit - Global [MHz]","CPU PPT Limit [%]","CPU TDC Limit [%]","CPU EDC Limit [%]","Thermal Limit [%]","Power Reporting Deviation (Accuracy) [%]","Thermal Throttling (HTC) [Yes/No]","Thermal Throttling (PROCHOT CPU) [Yes/No]","Thermal Throttling (PROCHOT EXT) [Yes/No]","DRAM Read Bandwidth [Gbps]","DRAM Write Bandwidth [Gbps]","Average Active Core Count []","Drive Temperature [°C]","Drive Remaining Life [%]","Drive Available Spare [%]","Drive Failure [Yes/No]","Drive Warning [Yes/No]","Total Host Writes [GB]","Total Host Reads [GB]","Drive Airflow Temperature [°C]","Drive Remaining Life [%]","Drive Failure [Yes/No]","Drive Warning [Yes/No]","Total Host Writes [GB]","Read Activity [%]","Write Activity [%]","Total Activity [%]","Read Rate [MB/s]","Write Rate [MB/s]","Read Total [MB]","Write Total [MB]","Read Activity [%]","Write Activity [%]","Total Activity [%]","Read Rate [MB/s]","Write Rate [MB/s]","Read Total [MB]","Write Total [MB]","GPU Temperature [°C]","GPU Hot Spot Temperature [°C]","GPU Thermal Limit [°C]","GPU Core Voltage [V]","GPU Rail Voltages (avg) [V]","GPU PCIe +12V Input Voltage [V]","GPU 8-pin #1 Input Voltage [V]","GPU Misc0 Input Voltage [V]","GPU Fan1 [RPM]","GPU Power [W]","GPU Rail Powers (avg) [W]","GPU Core (NVVDD) Input Power (sum) [W]","GPU PCIe +12V Input Power [W]","GPU 8-pin #1 Input Power [W]","GPU Misc0 Input Power [W]","GPU Core (NVVDD1) Input Power (sum) [W]","GPU PCIe +3.3V Input Power (est) [W]","GPU Core (NVVDD) Input Power (sum) [W]","GPU Input PP Source Power (sum) [W]","GPU Core (NVVDD) Output Power [W]","GPU Core (NVVDD) Output Power [W]","GPU Power Limit (rated) [W]","GPU Power Limit (max) [W]","GPU Clock [MHz]","GPU Memory Clock [MHz]","GPU Video Clock [MHz]","GPU Effective Clock [MHz]","GPU Crossbar Clock [MHz]","GPU Core Load [%]","GPU Memory Controller Load [%]","GPU Video Engine Load [%]","GPU Bus Load [%]","GPU Memory Usage [%]","GPU D3D Usages (avg) [%]","GPU D3D Usage [%]","GPU Video Decode 0 Usage [%]","GPU Video Encode 0 Usage [%]","GPU VR Usage [%]","GPU Fan1 [%]","GPU Performance Limiters (avg) [Yes/No]","Performance Limit - Power [Yes/No]","Performance Limit - Thermal [Yes/No]","Performance Limit - Reliability Voltage [Yes/No]","Performance Limit - Max Operating Voltage [Yes/No]","Performance Limit - Utilization [Yes/No]","Performance Limit - SLI GPUBoost Sync [Yes/No]","Total GPU Power [% of TDP] [%]","Total GPU Power (normalized) [% of TDP] [%]","PCI Express Error Counters (avg) []","Receiver Errors []","Replay Count []","Replay Rollover Count []","Bad DLLP Count []","Bad TLP Count []","LCRC Error Count []","NAKs Sent Count []","NAKs Received Count []","Recovery Count []","Correctable Error Count []","Non-Fatal Error Count []","Fatal Error Count []","Unsupported Request Count []","PCIe Lane 0 Errors []","PCIe Lane 1 Errors []","PCIe Lane 2 Errors []","PCIe Lane 3 Errors []","PCIe Lane 4 Errors []","PCIe Lane 5 Errors []","PCIe Lane 6 Errors []","PCIe Lane 7 Errors []","PCIe Lane 8 Errors []","PCIe Lane 9 Errors []","PCIe Lane 10 Errors []","PCIe Lane 11 Errors []","PCIe Lane 12 Errors []","PCIe Lane 13 Errors []","PCIe Lane 14 Errors []","PCIe Lane 15 Errors []","GPU Memory Available [MB]","GPU Memory Allocated [MB]","GPU D3D Memory Dedicated [MB]","GPU D3D Memory Dynamic [MB]","PCIe Link Speed [GT/s]","Framerate Presented (avg) [FPS]","Framerate Presented (99%) [FPS]","Framerate Presented (1%) [FPS]","Framerate Presented (0.1%) [FPS]","Framerate Presented (1% low) [FPS]","Framerate Presented (0.1% low) [FPS]","Framerate Displayed (avg) [FPS]","Framerate Displayed (99%) [FPS]","Framerate Displayed (1%) [FPS]","Framerate Displayed (0.1%) [FPS]","Framerate Displayed (1% low) [FPS]","Framerate Displayed (0.1% low) [FPS]","Frame Time Presented (avg) [ms]","Frame Time Presented (99%) [ms]","Frame Time Presented (1%) [ms]","Frame Time Presented (0.1%) [ms]","Frame Time Displayed (1% high) [ms]","Frame Time Displayed (0.1% high) [ms]","GPU Busy (avg) [ms]","GPU Wait (avg) [ms]","CPU Busy (avg) [ms]","CPU Wait (avg) [ms]","Animation Error (avg) [ms]","Total DL [MB]","Total UP [MB]","Current DL rate [KB/s]","Current UP rate [KB/s]","Total DL [MB]","Total UP [MB]","Current DL rate [KB/s]","Current UP rate [KB/s]","Total Errors []",
,,System: HP OMEN 25L Desktop GT12-0xxx,System: HP OMEN 25L Desktop GT12-0xxx,System: HP OMEN 25L Desktop GT12-0xxx,System: HP OMEN 25L Desktop GT12-0xxx,System: HP OMEN 25L Desktop GT12-0xxx,System: HP OMEN 25L Desktop GT12-0xxx,System: HP OMEN 25L Desktop GT12-0xxx,System: HP OMEN 25L Desktop GT12-0xxx,System: HP OMEN 25L Desktop GT12-0xxx,CPU [#0]: AMD Ryzen 7 3700X,CPU [#0]: AMD Ryzen 7 3700X,CPU [#0]: AMD Ryzen 7 3700X,CPU [#0]: AMD Ryzen 7 3700X,CPU [#0]: AMD Ryzen 7 3700X,CPU [#0]: AMD Ryzen 7 3700X,CPU [#0]: AMD Ryzen 7 3700X,CPU [#0]: AMD Ryzen 7 3700X,CPU [#0]: AMD Ryzen 7 3700X,CPU [#0]: AMD Ryzen 7 3700X,CPU [#0]: AMD Ryzen 7 3700X,CPU [#0]: AMD Ryzen 7 3700X,CPU [#0]: AMD Ryzen 7 3700X,CPU [#0]: AMD Ryzen 7 3700X,CPU [#0]: AMD Ryzen 7 3700X,CPU [#0]: AMD Ryzen 7 3700X,CPU [#0]: AMD Ryzen 7 3700X,CPU [#0]: AMD Ryzen 7 3700X,CPU [#0]: AMD Ryzen 7 3700X,CPU [#0]: AMD Ryzen 7 3700X,CPU [#0]: AMD Ryzen 7 3700X,CPU [#0]: AMD Ryzen 7 3700X,CPU [#0]: AMD Ryzen 7 3700X,CPU [#0]: AMD Ryzen 7 3700X,CPU [#0]: AMD Ryzen 7 3700X,CPU [#0]: AMD Ryzen 7 3700X,CPU [#0]: AMD Ryzen 7 3700X,CPU [#0]: AMD Ryzen 7 3700X,CPU [#0]: AMD Ryzen 7 3700X,CPU [#0]: AMD Ryzen 7 3700X,CPU [#0]: AMD Ryzen 7 3700X,CPU [#0]: AMD Ryzen 7 3700X,CPU [#0]: AMD Ryzen 7 3700X,CPU [#0]: AMD Ryzen 7 3700X,CPU [#0]: AMD Ryzen 7 3700X,CPU [#0]: AMD Ryzen 7 3700X,CPU [#0]: AMD Ryzen 7 3700X,CPU [#0]: AMD Ryzen 7 3700X,CPU [#0]: AMD Ryzen 7 3700X,CPU [#0]: AMD Ryzen 7 3700X,CPU [#0]: AMD Ryzen 7 3700X,CPU [#0]: AMD Ryzen 7 3700X,CPU [#0]: AMD Ryzen 7 3700X,CPU [#0]: AMD Ryzen 7 3700X,CPU [#0]: AMD Ryzen 7 3700X,CPU [#0]: AMD Ryzen 7 3700X,CPU [#0]: AMD Ryzen 7 3700X,CPU [#0]: AMD Ryzen 7 3700X,CPU [#0]: AMD Ryzen 7 3700X,CPU [#0]: AMD Ryzen 7 3700X,CPU [#0]: AMD Ryzen 7 3700X,CPU [#0]: AMD Ryzen 7 3700X,CPU [#0]: AMD Ryzen 7 3700X,CPU [#0]: AMD Ryzen 7 3700X,CPU [#0]: AMD Ryzen 7 3700X,CPU [#0]: AMD Ryzen 7 3700X,CPU [#0]: AMD Ryzen 7 3700X,CPU [#0]: AMD Ryzen 7 3700X,CPU [#0]: AMD Ryzen 7 3700X,CPU [#0]: AMD Ryzen 7 3700X,CPU [#0]: AMD Ryzen 7 3700X,CPU [#0]: AMD Ryzen 7 3700X,CPU [#0]: AMD Ryzen 7 3700X,CPU [#0]: AMD Ryzen 7 3700X,CPU [#0]: AMD Ryzen 7 3700X,CPU [#0]: AMD Ryzen 7 3700X,CPU [#0]: AMD Ryzen 7 3700X,CPU [#0]: AMD Ryzen 7 3700X,CPU [#0]: AMD Ryzen 7 3700X,CPU [#0]: AMD Ryzen 7 3700X,CPU [#0]: AMD Ryzen 7 3700X,CPU [#0]: AMD Ryzen 7 3700X,CPU [#0]: AMD Ryzen 7 3700X,CPU [#0]: AMD Ryzen 7 3700X,CPU [#0]: AMD Ryzen 7 3700X,CPU [#0]: AMD Ryzen 7 3700X,CPU [#0]: AMD Ryzen 7 3700X,CPU [#0]: AMD Ryzen 7 3700X,CPU [#0]: AMD Ryzen 7 3700X,CPU [#0]: AMD Ryzen 7 3700X,CPU [#0]: AMD Ryzen 7 3700X,CPU [#0]: AMD Ryzen 7 3700X,CPU [#0]: AMD Ryzen 7 3700X,CPU [#0]: AMD Ryzen 7 3700X: C-State Residency,CPU [#0]: AMD Ryzen 7 3700X: C-State Residency,CPU [#0]: AMD Ryzen 7 3700X: C-State Residency,CPU [#0]: AMD Ryzen 7 3700X: C-State Residency,CPU [#0]: AMD Ryzen 7 3700X: C-State Residency,CPU [#0]: AMD Ryzen 7 3700X: C-State Residency,CPU [#0]: AMD Ryzen 7 3700X: C-State Residency,CPU [#0]: AMD Ryzen 7 3700X: C-State Residency,CPU [#0]: AMD Ryzen 7 3700X: C-State Residency,CPU [#0]: AMD Ryzen 7 3700X: C-State Residency,CPU [#0]: AMD Ryzen 7 3700X: C-State Residency,CPU [#0]: AMD Ryzen 7 3700X: C-State Residency,CPU [#0]: AMD Ryzen 7 3700X: C-State Residency,CPU [#0]: AMD Ryzen 7 3700X: C-State Residency,CPU [#0]: AMD Ryzen 7 3700X: C-State Residency,CPU [#0]: AMD Ryzen 7 3700X: C-State Residency,CPU [#0]: AMD Ryzen 7 3700X: C-State Residency,CPU [#0]: AMD Ryzen 7 3700X: C-State Residency,CPU [#0]: AMD Ryzen 7 3700X: C-State Residency,CPU [#0]: AMD Ryzen 7 3700X: C-State Residency,CPU [#0]: AMD Ryzen 7 3700X: C-State Residency,CPU [#0]: AMD Ryzen 7 3700X: C-State Residency,CPU [#0]: AMD Ryzen 7 3700X: C-State Residency,CPU [#0]: AMD Ryzen 7 3700X: C-State Residency,CPU [#0]: AMD Ryzen 7 3700X: C-State Residency,CPU [#0]: AMD Ryzen 7 3700X: C-State Residency,CPU [#0]: AMD Ryzen 7 3700X: C-State Residency,CPU [#0]: AMD Ryzen 7 3700X: C-State Residency,Memory Timings,Memory Timings,Memory Timings,Memory Timings,Memory Timings,Memory Timings,Memory Timings,Memory Timings,Memory Timings,CPU [#0]: AMD Ryzen 7 3700X: Enhanced,CPU [#0]: AMD Ryzen 7 3700X: Enhanced,CPU [#0]: AMD Ryzen 7 3700X: Enhanced,CPU [#0]: AMD Ryzen 7 3700X: Enhanced,CPU [#0]: AMD Ryzen 7 3700X: Enhanced,CPU [#0]: AMD Ryzen 7 3700X: Enhanced,CPU [#0]: AMD Ryzen 7 3700X: Enhanced,CPU [#0]: AMD Ryzen 7 3700X: Enhanced,CPU [#0]: AMD Ryzen 7 3700X: Enhanced,CPU [#0]: AMD Ryzen 7 3700X: Enhanced,CPU [#0]: AMD Ryzen 7 3700X: Enhanced,CPU [#0]: AMD Ryzen 7 3700X: Enhanced,CPU [#0]: AMD Ryzen 7 3700X: Enhanced,CPU [#0]: AMD Ryzen 7 3700X: Enhanced,CPU [#0]: AMD Ryzen 7 3700X: Enhanced,CPU [#0]: AMD Ryzen 7 3700X: Enhanced,CPU [#0]: AMD Ryzen 7 3700X: Enhanced,CPU [#0]: AMD Ryzen 7 3700X: Enhanced,CPU [#0]: AMD Ryzen 7 3700X: Enhanced,CPU [#0]: AMD Ryzen 7 3700X: Enhanced,CPU [#0]: AMD Ryzen 7 3700X: Enhanced,CPU [#0]: AMD Ryzen 7 3700X: Enhanced,CPU [#0]: AMD Ryzen 7 3700X: Enhanced,CPU [#0]: AMD Ryzen 7 3700X: Enhanced,CPU [#0]: AMD Ryzen 7 3700X: Enhanced,CPU [#0]: AMD Ryzen 7 3700X: Enhanced,CPU [#0]: AMD Ryzen 7 3700X: Enhanced,CPU [#0]: AMD Ryzen 7 3700X: Enhanced,CPU [#0]: AMD Ryzen 7 3700X: Enhanced,CPU [#0]: AMD Ryzen 7 3700X: Enhanced,CPU [#0]: AMD Ryzen 7 3700X: Enhanced,CPU [#0]: AMD Ryzen 7 3700X: Enhanced,CPU [#0]: AMD Ryzen 7 3700X: Enhanced,CPU [#0]: AMD Ryzen 7 3700X: Enhanced,CPU [#0]: AMD Ryzen 7 3700X: Enhanced,CPU [#0]: AMD Ryzen 7 3700X: Enhanced,CPU [#0]: AMD Ryzen 7 3700X: Enhanced,CPU [#0]: AMD Ryzen 7 3700X: Enhanced,CPU [#0]: AMD Ryzen 7 3700X: Enhanced,CPU [#0]: AMD Ryzen 7 3700X: Enhanced,CPU [#0]: AMD Ryzen 7 3700X: Enhanced,CPU [#0]: AMD Ryzen 7 3700X: Enhanced,CPU [#0]: AMD Ryzen 7 3700X: Enhanced,CPU [#0]: AMD Ryzen 7 3700X: Enhanced,CPU [#0]: AMD Ryzen 7 3700X: Enhanced,CPU [#0]: AMD Ryzen 7 3700X: Enhanced,CPU [#0]: AMD Ryzen 7 3700X: Enhanced,CPU [#0]: AMD Ryzen 7 3700X: Enhanced,CPU [#0]: AMD Ryzen 7 3700X: Enhanced,CPU [#0]: AMD Ryzen 7 3700X: Enhanced,CPU [#0]: AMD Ryzen 7 3700X: Enhanced,CPU [#0]: AMD Ryzen 7 3700X: Enhanced,CPU [#0]: AMD Ryzen 7 3700X: Enhanced,CPU [#0]: AMD Ryzen 7 3700X: Enhanced,CPU [#0]: AMD Ryzen 7 3700X: Enhanced,S.M.A.R.T.: WDBRPG0010BNC-WRSN (21110V802526) [C:],S.M.A.R.T.: WDBRPG0010BNC-WRSN (21110V802526) [C:],S.M.A.R.T.: WDBRPG0010BNC-WRSN (21110V802526) [C:],S.M.A.R.T.: WDBRPG0010BNC-WRSN (21110V802526) [C:],S.M.A.R.T.: WDBRPG0010BNC-WRSN (21110V802526) [C:],S.M.A.R.T.: WDBRPG0010BNC-WRSN (21110V802526) [C:],S.M.A.R.T.: WDBRPG0010BNC-WRSN (21110V802526) [C:],S.M.A.R.T.: Samsung Portable SSD T1 500GB (S25NNAAGA11564A) [D:],S.M.A.R.T.: Samsung Portable SSD T1 500GB (S25NNAAGA11564A) [D:],S.M.A.R.T.: Samsung Portable SSD T1 500GB (S25NNAAGA11564A) [D:],S.M.A.R.T.: Samsung Portable SSD T1 500GB (S25NNAAGA11564A) [D:],S.M.A.R.T.: Samsung Portable SSD T1 500GB (S25NNAAGA11564A) [D:],Drive: WDBRPG0010BNC-WRSN (21110V802526) [C:],Drive: WDBRPG0010BNC-WRSN (21110V802526) [C:],Drive: WDBRPG0010BNC-WRSN (21110V802526) [C:],Drive: WDBRPG0010BNC-WRSN (21110V802526) [C:],Drive: WDBRPG0010BNC-WRSN (21110V802526) [C:],Drive: WDBRPG0010BNC-WRSN (21110V802526) [C:],Drive: WDBRPG0010BNC-WRSN (21110V802526) [C:],Drive: Samsung Portable SSD T1 500GB (S25NNAAGA11564A) [D:],Drive: Samsung Portable SSD T1 500GB (S25NNAAGA11564A) [D:],Drive: Samsung Portable SSD T1 500GB (S25NNAAGA11564A) [D:],Drive: Samsung Portable SSD T1 500GB (S25NNAAGA11564A) [D:],Drive: Samsung Portable SSD T1 500GB (S25NNAAGA11564A) [D:],Drive: Samsung Portable SSD T1 500GB (S25NNAAGA11564A) [D:],Drive: Samsung Portable SSD T1 500GB (S25NNAAGA11564A) [D:],dGPU [#0]: NVIDIA GeForce RTX 3070: HP GeForce RTX 3070,dGPU [#0]: NVIDIA GeForce RTX 3070: HP GeForce RTX 3070,dGPU [#0]: NVIDIA GeForce RTX 3070: HP GeForce RTX 3070,dGPU [#0]: NVIDIA GeForce RTX 3070: HP GeForce RTX 3070,dGPU [#0]: NVIDIA GeForce RTX 3070: HP GeForce RTX 3070,dGPU [#0]: NVIDIA GeForce RTX 3070: HP GeForce RTX 3070,dGPU [#0]: NVIDIA GeForce RTX 3070: HP GeForce RTX 3070,dGPU [#0]: NVIDIA GeForce RTX 3070: HP GeForce RTX 3070,dGPU [#0]: NVIDIA GeForce RTX 3070: HP GeForce RTX 3070,dGPU [#0]: NVIDIA GeForce RTX 3070: HP GeForce RTX 3070,dGPU [#0]: NVIDIA GeForce RTX 3070: HP GeForce RTX 3070,dGPU [#0]: NVIDIA GeForce RTX 3070: HP GeForce RTX 3070,dGPU [#0]: NVIDIA GeForce RTX 3070: HP GeForce RTX 3070,dGPU [#0]: NVIDIA GeForce RTX 3070: HP GeForce RTX 3070,dGPU [#0]: NVIDIA GeForce RTX 3070: HP GeForce RTX 3070,dGPU [#0]: NVIDIA GeForce RTX 3070: HP GeForce RTX 3070,dGPU [#0]: NVIDIA GeForce RTX 3070: HP GeForce RTX 3070,dGPU [#0]: NVIDIA GeForce RTX 3070: HP GeForce RTX 3070,dGPU [#0]: NVIDIA GeForce RTX 3070: HP GeForce RTX 3070,dGPU [#0]: NVIDIA GeForce RTX 3070: HP GeForce RTX 3070,dGPU [#0]: NVIDIA GeForce RTX 3070: HP GeForce RTX 3070,dGPU [#0]: NVIDIA GeForce RTX 3070: HP GeForce RTX 3070,dGPU [#0]: NVIDIA GeForce RTX 3070: HP GeForce RTX 3070,dGPU [#0]: NVIDIA GeForce RTX 3070: HP GeForce RTX 3070,dGPU [#0]: NVIDIA GeForce RTX 3070: HP GeForce RTX 3070,dGPU [#0]: NVIDIA GeForce RTX 3070: HP GeForce RTX 3070,dGPU [#0]: NVIDIA GeForce RTX 3070: HP GeForce RTX 3070,dGPU [#0]: NVIDIA GeForce RTX 3070: HP GeForce RTX 3070,dGPU [#0]: NVIDIA GeForce RTX 3070: HP GeForce RTX 3070,dGPU [#0]: NVIDIA GeForce RTX 3070: HP GeForce RTX 3070,dGPU [#0]: NVIDIA GeForce RTX 3070: HP GeForce RTX 3070,dGPU [#0]: NVIDIA GeForce RTX 3070: HP GeForce RTX 3070,dGPU [#0]: NVIDIA GeForce RTX 3070: HP GeForce RTX 3070,dGPU [#0]: NVIDIA GeForce RTX 3070: HP GeForce RTX 3070,dGPU [#0]: NVIDIA GeForce RTX 3070: HP GeForce RTX 3070,dGPU [#0]: NVIDIA GeForce RTX 3070: HP GeForce RTX 3070,dGPU [#0]: NVIDIA GeForce RTX 3070: HP GeForce RTX 3070,dGPU [#0]: NVIDIA GeForce RTX 3070: HP GeForce RTX 3070,dGPU [#0]: NVIDIA GeForce RTX 3070: HP GeForce RTX 3070,dGPU [#0]: NVIDIA GeForce RTX 3070: HP GeForce RTX 3070,dGPU [#0]: NVIDIA GeForce RTX 3070: HP GeForce RTX 3070,dGPU [#0]: NVIDIA GeForce RTX 3070: HP GeForce RTX 3070,dGPU [#0]: NVIDIA GeForce RTX 3070: HP GeForce RTX 3070,dGPU [#0]: NVIDIA GeForce RTX 3070: HP GeForce RTX 3070,dGPU [#0]: NVIDIA GeForce RTX 3070: HP GeForce RTX 3070,dGPU [#0]: NVIDIA GeForce RTX 3070: HP GeForce RTX 3070,dGPU [#0]: NVIDIA GeForce RTX 3070: HP GeForce RTX 3070,dGPU [#0]: NVIDIA GeForce RTX 3070: HP GeForce RTX 3070,dGPU [#0]: NVIDIA GeForce RTX 3070: HP GeForce RTX 3070,dGPU [#0]: NVIDIA GeForce RTX 3070: HP GeForce RTX 3070,dGPU [#0]: NVIDIA GeForce RTX 3070: HP GeForce RTX 3070,dGPU [#0]: NVIDIA GeForce RTX 3070: HP GeForce RTX 3070,dGPU [#0]: NVIDIA GeForce RTX 3070: HP GeForce RTX 3070,dGPU [#0]: NVIDIA GeForce RTX 3070: HP GeForce RTX 3070,dGPU [#0]: NVIDIA GeForce RTX 3070: HP GeForce RTX 3070,dGPU [#0]: NVIDIA GeForce RTX 3070: HP GeForce RTX 3070,dGPU [#0]: NVIDIA GeForce RTX 3070: HP GeForce RTX 3070,dGPU [#0]: NVIDIA GeForce RTX 3070: HP GeForce RTX 3070,dGPU [#0]: NVIDIA GeForce RTX 3070: HP GeForce RTX 3070,dGPU [#0]: NVIDIA GeForce RTX 3070: HP GeForce RTX 3070,dGPU [#0]: NVIDIA GeForce RTX 3070: HP GeForce RTX 3070,dGPU [#0]: NVIDIA GeForce RTX 3070: HP GeForce RTX 3070,dGPU [#0]: NVIDIA GeForce RTX 3070: HP GeForce RTX 3070,dGPU [#0]: NVIDIA GeForce RTX 3070: HP GeForce RTX 3070,dGPU [#0]: NVIDIA GeForce RTX 3070: HP GeForce RTX 3070,dGPU [#0]: NVIDIA GeForce RTX 3070: HP GeForce RTX 3070,dGPU [#0]: NVIDIA GeForce RTX 3070: HP GeForce RTX 3070,dGPU [#0]: NVIDIA GeForce RTX 3070: HP GeForce RTX 3070,dGPU [#0]: NVIDIA GeForce RTX 3070: HP GeForce RTX 3070,dGPU [#0]: NVIDIA GeForce RTX 3070: HP GeForce RTX 3070,dGPU [#0]: NVIDIA GeForce RTX 3070: HP GeForce RTX 3070,dGPU [#0]: NVIDIA GeForce RTX 3070: HP GeForce RTX 3070,dGPU [#0]: NVIDIA GeForce RTX 3070: HP GeForce RTX 3070,dGPU [#0]: NVIDIA GeForce RTX 3070: HP GeForce RTX 3070,dGPU [#0]: NVIDIA GeForce RTX 3070: HP GeForce RTX 3070,dGPU [#0]: NVIDIA GeForce RTX 3070: HP GeForce RTX 3070,dGPU [#0]: NVIDIA GeForce RTX 3070: HP GeForce RTX 3070,dGPU [#0]: NVIDIA GeForce RTX 3070: HP GeForce RTX 3070,dGPU [#0]: NVIDIA GeForce RTX 3070: HP GeForce RTX 3070,dGPU [#0]: NVIDIA GeForce RTX 3070: HP GeForce RTX 3070,dGPU [#0]: NVIDIA GeForce RTX 3070: HP GeForce RTX 3070,dGPU [#0]: NVIDIA GeForce RTX 3070: HP GeForce RTX 3070,dGPU [#0]: NVIDIA GeForce RTX 3070: HP GeForce RTX 3070,PresentMon [msedgewebview2.exe],PresentMon [msedgewebview2.exe],PresentMon [msedgewebview2.exe],PresentMon [msedgewebview2.exe],PresentMon [msedgewebview2.exe],PresentMon [msedgewebview2.exe],PresentMon [msedgewebview2.exe],PresentMon [msedgewebview2.exe],PresentMon [msedgewebview2.exe],PresentMon [msedgewebview2.exe],PresentMon [msedgewebview2.exe],PresentMon [msedgewebview2.exe],PresentMon [msedgewebview2.exe],PresentMon [msedgewebview2.exe],PresentMon [msedgewebview2.exe],PresentMon [msedgewebview2.exe],PresentMon [msedgewebview2.exe],PresentMon [msedgewebview2.exe],PresentMon [msedgewebview2.exe],PresentMon [msedgewebview2.exe],PresentMon [msedgewebview2.exe],PresentMon [msedgewebview2.exe],PresentMon [msedgewebview2.exe],Network: RealTek Semiconductor RTL8822CE Wireless LAN 802.11ac PCI-E NIC - Wi-Fi,Network: RealTek Semiconductor RTL8822CE Wireless LAN 802.11ac PCI-E NIC - Wi-Fi,Network: RealTek Semiconductor RTL8822CE Wireless LAN 802.11ac PCI-E NIC - Wi-Fi,Network: RealTek Semiconductor RTL8822CE Wireless LAN 802.11ac PCI-E NIC - Wi-Fi,Network: RealTek Semiconductor RTL8168/8111 PCI-E Gigabit Ethernet NIC - Ethernet,Network: RealTek Semiconductor RTL8168/8111 PCI-E Gigabit Ethernet NIC - Ethernet,Network: RealTek Semiconductor RTL8168/8111 PCI-E Gigabit Ethernet NIC - Ethernet,Network: RealTek Semiconductor RTL8168/8111 PCI-E Gigabit Ethernet NIC - Ethernet,Windows Hardware Errors (WHEA),
